{
  "error": 0.2213401984370757,
  "resolution": {
    "height": 728,
    "width": 1288
  },
  "distortion": {
    "shape": {
      "dims": [
        {
          "name": "rows",
          "size": 1
        },
        {
          "name": "cols",
          "size": 5
        }
      ]
    },
    "type": "DOUBLE_TYPE",
    "doubles": [
      -0.20944313898776754,
      0.3143741641013019,
      0.018378050605061733,
      0.0030208289360747842,
      -0.34523336123038667
    ]
  },
  "calibratedAt": "2018-09-18T22:03:19.396796441Z",
  "intrinsic": {
    "shape": {
      "dims": [
        {
          "name": "rows",
          "size": 3
        },
        {
          "name": "cols",
          "size": 3
        }
      ]
    },
    "type": "DOUBLE_TYPE",
    "doubles": [
      1040.4320988508364,
      0.0,
      572.4802106021122,
      0.0,
      1048.8079505283038,
      462.7894541399281,
      0.0,
      0.0,
      1.0
    ]
  },
  "extrinsic": {
    "tf": {
      "shape": {
        "dims": [
          {
            "name": "rows",
            "size": 4
          },
          {
            "name": "cols",
            "size": 4
          }
        ]
      },
      "type": "DOUBLE_TYPE",
      "doubles": [
        0.6534934367714312,
        0.4912296502666635,
        -0.5758817229219514,
        3.557362718082888,
        0.7560597542778721,
        -0.3870941226039817,
        0.527761109032048,
        -2.3299340924580596,
        0.036331474756017335,
        -0.7802894148611431,
        -0.6243624372091162,
        3.038285287665303,
        0.0,
        0.0,
        0.0,
        1.0
      ]
    },
    "from": "1000"
  }
}