{
  "error": 0.3317952055553235,
  "resolution": {
    "height": 728,
    "width": 1288
  },
  "id": "1",
  "extrinsic": {
    "to": "1",
    "tf": {
      "shape": {
        "dims": [
          {
            "name": "rows",
            "size": 4
          },
          {
            "name": "cols",
            "size": 4
          }
        ]
      },
      "type": "DOUBLE_TYPE",
      "doubles": [
        -0.48464119323832866,
        0.42165447502803194,
        -0.7663748544318009,
        3.455434094877335,
        0.8744815621175746,
        0.2134036016307477,
        -0.43559258525304595,
        1.9309349072037862,
        -0.020122408725990165,
        -0.8812867901539548,
        -0.47215324013206145,
        2.9460011617584465,
        0.0,
        0.0,
        0.0,
        1.0
      ]
    },
    "from": "1000"
  },
  "calibratedAt": "2018-09-18T22:06:11.970167959Z",
  "intrinsic": {
    "shape": {
      "dims": [
        {
          "name": "rows",
          "size": 3
        },
        {
          "name": "cols",
          "size": 3
        }
      ]
    },
    "type": "DOUBLE_TYPE",
    "doubles": [
      1015.4299378587756,
      0.0,
      653.0629795044728,
      0.0,
      1020.1049978902333,
      366.28375199104465,
      0.0,
      0.0,
      1.0
    ]
  },
  "distortion": {
    "shape": {
      "dims": [
        {
          "name": "rows",
          "size": 1
        },
        {
          "name": "cols",
          "size": 5
        }
      ]
    },
    "type": "DOUBLE_TYPE",
    "doubles": [
      -0.19980960376017645,
      0.13359342073429623,
      -0.003748257844131099,
      -0.00022285703957345467,
      -0.004055367887006638
    ]
  }
}