{
  "error": 0.32055170905880775,
  "resolution": {
    "height": 728,
    "width": 1288
  },
  "id": "2",
  "extrinsic": {
    "to": "2",
    "tf": {
      "shape": {
        "dims": [
          {
            "name": "rows",
            "size": 4
          },
          {
            "name": "cols",
            "size": 4
          }
        ]
      },
      "type": "DOUBLE_TYPE",
      "doubles": [
        0.45386722693895243,
        -0.4953271949533433,
        0.7407128392639069,
        -3.8386020912717584,
        -0.8910656652705141,
        -0.2546766016528649,
        0.3756884463841872,
        -1.6959657466759654,
        0.002553524380517709,
        -0.8305364522464987,
        -0.5569584194561004,
        2.9872746957699423,
        0.0,
        0.0,
        0.0,
        1.0
      ]
    },
    "from": "1000"
  },
  "calibratedAt": "2018-09-18T22:08:39.663462877Z",
  "intrinsic": {
    "shape": {
      "dims": [
        {
          "name": "rows",
          "size": 3
        },
        {
          "name": "cols",
          "size": 3
        }
      ]
    },
    "type": "DOUBLE_TYPE",
    "doubles": [
      992.5533936115974,
      0.0,
      615.6205629736721,
      0.0,
      992.9300880715426,
      439.0506516842813,
      0.0,
      0.0,
      1.0
    ]
  },
  "distortion": {
    "shape": {
      "dims": [
        {
          "name": "rows",
          "size": 1
        },
        {
          "name": "cols",
          "size": 5
        }
      ]
    },
    "type": "DOUBLE_TYPE",
    "doubles": [
      -0.20332546533778784,
      0.10293938704590384,
      0.001155243174355752,
      0.0024580123221900965,
      0.012185626676436707
    ]
  }
}