{
  "error": 0.3516348784536866,
  "resolution": {
    "height": 728,
    "width": 1288
  },
  "id": "3",
  "extrinsic": {
    "to": "3",
    "tf": {
      "shape": {
        "dims": [
          {
            "name": "rows",
            "size": 4
          },
          {
            "name": "cols",
            "size": 4
          }
        ]
      },
      "type": "DOUBLE_TYPE",
      "doubles": [
        -0.5412921055633966,
        -0.5095225327284968,
        0.6688719197998098,
        -3.9005394065438375,
        -0.8402964336600433,
        0.2993411461433475,
        -0.45199201519916254,
        1.3850315171433412,
        0.030079229261358358,
        -0.8067103983881241,
        -0.5901809663988812,
        3.0357788379753385,
        0.0,
        0.0,
        0.0,
        1.0
      ]
    },
    "from": "1000"
  },
  "calibratedAt": "2018-09-18T22:12:11.493515961Z",
  "intrinsic": {
    "shape": {
      "dims": [
        {
          "name": "rows",
          "size": 3
        },
        {
          "name": "cols",
          "size": 3
        }
      ]
    },
    "type": "DOUBLE_TYPE",
    "doubles": [
      1019.2147972803808,
      0.0,
      654.1441616363262,
      0.0,
      1019.5252939898667,
      394.5672641096034,
      0.0,
      0.0,
      1.0
    ]
  },
  "distortion": {
    "shape": {
      "dims": [
        {
          "name": "rows",
          "size": 1
        },
        {
          "name": "cols",
          "size": 5
        }
      ]
    },
    "type": "DOUBLE_TYPE",
    "doubles": [
      -0.213138418454295,
      0.16954581195524907,
      0.003808046853033543,
      0.004906899144764956,
      0.07840347414122593
    ]
  }
}